Workbook

Sheet JANEIRO 2026
A1: MINISTÉRIO DA SAÚDE
A2: HOSPITAL DO PRENDA
A3: DEPARTAMENTO DE ESTATÍSTICA
A4: SERVIÇO: CIRURGIA MAXILO-FACIAL | S4: CÓDIGO DO SERVIÇO:
A5: MOVIMENTO MENSAL — JANEIRO DE 2026
A6: Movimento Mensal | B6: 1 | C6: 2 | D6: 3 | E6: 4 | F6: 5 | G6: 6 | H6: 7 | I6: 8 | J6: 9 | K6: 10 | L6: 11 | M6: 12 | N6: 13 | O6: 14 | P6: 15 | Q6: 16 | R6: 17 | S6: 18 | T6: 19 | U6: 20 | V6: 21 | W6: 22 | X6: 23 | Y6: 24 | Z6: 25 | AA6: 26 | AB6: 27 | AC6: 28 | AD6: 29 | AE6: 30 | AF6: 31 | AG6: TOTAL
A7: Existência Anterior | C7: =B19 -> 0 | D7: =C19 -> 0 | E7: =D19 -> 0 | F7: =E19 -> 0 | G7: =F19 -> 0 | H7: =G19 -> 0 | I7: =H19 -> 0 | J7: =I19 -> 0 | ... AF7: =AE19 -> 0 | AG7: =SUM(B7:AF7) -> 0
A8: Admitidos | B8: =B9+B10 -> 0 | C8: =C9+C10 -> 0 | D8: =D9+D10 -> 0 | E8: =E9+E10 -> 0 | F8: =F9+F10 -> 0 | G8: =G9+G10 -> 0 | H8: =H9+H10 -> 0 | I8: =I9+I10 -> 0 | ... AF8: =AF9+AF10 -> 0 | AG8: =SUM(B8:AF8) -> 0
A9: Diretos | AG9: =SUM(B9:AF9) -> 0
A10: Transferidos Internos | AG10: =SUM(B10:AF10) -> 0
A11: Saídos | B11: =B12+B13+B16 -> 0 | C11: =C12+C13+C16 -> 0 | D11: =D12+D13+D16 -> 0 | E11: =E12+E13+E16 -> 0 | F11: =F12+F13+F16 -> 0 | G11: =G12+G13+G16 -> 0 | H11: =H12+H13+H16 -> 0 | I11: =I12+I13+I16 -> 0 | ... AF11: =AF12+AF13+AF16 -> 0 | AG11: =SUM(B11:AF11) -> 0
A12: Altas / Vivos | AG12: =SUM(B12:AF12) -> 0
A13: Falecidos | B13: =B14+B15 -> 0 | C13: =C14+C15 -> 0 | D13: =D14+D15 -> 0 | E13: =E14+E15 -> 0 | F13: =F14+F15 -> 0 | G13: =G14+G15 -> 0 | H13: =H14+H15 -> 0 | I13: =I14+I15 -> 0 | ... AF13: =AF14+AF15 -> 0 | AG13: =SUM(B13:AF13) -> 0
A14: Menos de 48 Horas | AG14: =SUM(B14:AF14) -> 0
A15: 48 Horas ou Mais | AG15: =SUM(B15:AF15) -> 0
A16: Transferidos | B16: =B17+B18 -> 0 | C16: =C17+C18 -> 0 | D16: =D17+D18 -> 0 | E16: =E17+E18 -> 0 | F16: =F17+F18 -> 0 | G16: =G17+G18 -> 0 | H16: =H17+H18 -> 0 | I16: =I17+I18 -> 0 | ... AF16: =AF17+AF18 -> 0 | AG16: =SUM(B16:AF16) -> 0
A17: Transferidos p/ Outros Serviços | AG17: =SUM(B17:AF17) -> 0
A18: Transferidos p/ Outros Hospitais | AG18: =SUM(B18:AF18) -> 0
A19: Ficam Existindo | B19: =B7+B8-B11 -> 0 | C19: =C7+C8-C11 -> 0 | D19: =D7+D8-D11 -> 0 | E19: =E7+E8-E11 -> 0 | F19: =F7+F8-F11 -> 0 | G19: =G7+G8-G11 -> 0 | H19: =H7+H8-H11 -> 0 | I19: =I7+I8-I11 -> 0 | ... AF19: =AF7+AF8-AF11 -> 0 | AG19: =SUM(B19:AF19) -> 0
A20: Admitidos e Saídos no Mesmo Dia | B20: =B8+B11 -> 0 | C20: =C8+C11 -> 0 | D20: =D8+D11 -> 0 | E20: =E8+E11 -> 0 | F20: =F8+F11 -> 0 | G20: =G8+G11 -> 0 | H20: =H8+H11 -> 0 | I20: =I8+I11 -> 0 | ... AF20: =AF8+AF11 -> 0 | AG20: =SUM(B20:AF20) -> 0
A21: Dia-Cama | AG21: =SUM(B21:AF21) -> 0
A22: Dia-Doente | AG22: =SUM(B22:AF22) -> 0
C24: Preenchimento manual | I24: Cálculo automático (protegido) | O24: Resultado / Total do mês (protegido) | U24: Dia inexistente no mês
B25: Nota: Não pode ser editado sem autorização do Departamento de Estatística do Hospital do Prenda.
A27: RELATÓRIO MENSAL — CIRURGIA MAXILO-FACIAL — JANEIRO DE 2026 | K27: TOTAL
A28: Existência Anterior | K28: =AG7 -> 0
A29: Admitidos | K29: =AG8 -> 0
A30: Diretos | K30: =AG9 -> 0
A31: Transferidos Internos | K31: =AG10 -> 0
A32: Saídos | K32: =AG11 -> 0
A33: Altas / Vivos | K33: =AG12 -> 0
A34: Falecidos | K34: =AG13 -> 0
A35: Menos de 48 Horas | K35: =AG14 -> 0
A36: 48 Horas ou Mais | K36: =AG15 -> 0
A37: Transferidos | K37: =AG16 -> 0
A38: Transferidos p/ Outros Serviços | K38: =AG17 -> 0
A39: Transferidos p/ Outros Hospitais | K39: =AG18 -> 0
... A43: Dia-Doente | K43: =AG22 -> 0
A45: Chefe de Enfermagem:
A46: Data:

Sheet FEVEREIRO 2026
A1: MINISTÉRIO DA SAÚDE
A2: HOSPITAL DO PRENDA
A3: DEPARTAMENTO DE ESTATÍSTICA
A4: SERVIÇO: CIRURGIA MAXILO-FACIAL | S4: CÓDIGO DO SERVIÇO:
A5: MOVIMENTO MENSAL — FEVEREIRO DE 2026
A6: Movimento Mensal | B6: 1 | C6: 2 | D6: 3 | E6: 4 | F6: 5 | G6: 6 | H6: 7 | I6: 8 | J6: 9 | K6: 10 | L6: 11 | M6: 12 | N6: 13 | O6: 14 | P6: 15 | Q6: 16 | R6: 17 | S6: 18 | T6: 19 | U6: 20 | V6: 21 | W6: 22 | X6: 23 | Y6: 24 | Z6: 25 | AA6: 26 | AB6: 27 | AC6: 28 | AG6: TOTAL
A7: Existência Anterior | B7: ='JANEIRO 2026'!AF19 -> 0 | C7: =B19 -> 0 | D7: =C19 -> 0 | E7: =D19 -> 0 | F7: =E19 -> 0 | G7: =F19 -> 0 | H7: =G19 -> 0 | I7: =H19 -> 0 | J7: =I19 -> 0 | ... AC7: =AB19 -> 0 | AG7: =SUM(B7:AC7) -> 0
A8: Admitidos | B8: =B9+B10 -> 0 | C8: =C9+C10 -> 0 | D8: =D9+D10 -> 0 | E8: =E9+E10 -> 0 | F8: =F9+F10 -> 0 | G8: =G9+G10 -> 0 | H8: =H9+H10 -> 0 | I8: =I9+I10 -> 0 | ... AC8: =AC9+AC10 -> 0 | AG8: =SUM(B8:AC8) -> 0
A9: Diretos | AG9: =SUM(B9:AC9) -> 0
A10: Transferidos Internos | AG10: =SUM(B10:AC10) -> 0
A11: Saídos | B11: =B12+B13+B16 -> 0 | C11: =C12+C13+C16 -> 0 | D11: =D12+D13+D16 -> 0 | E11: =E12+E13+E16 -> 0 | F11: =F12+F13+F16 -> 0 | G11: =G12+G13+G16 -> 0 | H11: =H12+H13+H16 -> 0 | I11: =I12+I13+I16 -> 0 | ... AC11: =AC12+AC13+AC16 -> 0 | AG11: =SUM(B11:AC11) -> 0
A12: Altas / Vivos | AG12: =SUM(B12:AC12) -> 0
A13: Falecidos | B13: =B14+B15 -> 0 | C13: =C14+C15 -> 0 | D13: =D14+D15 -> 0 | E13: =E14+E15 -> 0 | F13: =F14+F15 -> 0 | G13: =G14+G15 -> 0 | H13: =H14+H15 -> 0 | I13: =I14+I15 -> 0 | ... AC13: =AC14+AC15 -> 0 | AG13: =SUM(B13:AC13) -> 0
A14: Menos de 48 Horas | AG14: =SUM(B14:AC14) -> 0
A15: 48 Horas ou Mais | AG15: =SUM(B15:AC15) -> 0
A16: Transferidos | B16: =B17+B18 -> 0 | C16: =C17+C18 -> 0 | D16: =D17+D18 -> 0 | E16: =E17+E18 -> 0 | F16: =F17+F18 -> 0 | G16: =G17+G18 -> 0 | H16: =H17+H18 -> 0 | I16: =I17+I18 -> 0 | ... AC16: =AC17+AC18 -> 0 | AG16: =SUM(B16:AC16) -> 0
A17: Transferidos p/ Outros Serviços | AG17: =SUM(B17:AC17) -> 0
A18: Transferidos p/ Outros Hospitais | AG18: =SUM(B18:AC18) -> 0
A19: Ficam Existindo | B19: =B7+B8-B11 -> 0 | C19: =C7+C8-C11 -> 0 | D19: =D7+D8-D11 -> 0 | E19: =E7+E8-E11 -> 0 | F19: =F7+F8-F11 -> 0 | G19: =G7+G8-G11 -> 0 | H19: =H7+H8-H11 -> 0 | I19: =I7+I8-I11 -> 0 | ... AC19: =AC7+AC8-AC11 -> 0 | AG19: =SUM(B19:AC19) -> 0
A20: Admitidos e Saídos no Mesmo Dia | B20: =B8+B11 -> 0 | C20: =C8+C11 -> 0 | D20: =D8+D11 -> 0 | E20: =E8+E11 -> 0 | F20: =F8+F11 -> 0 | G20: =G8+G11 -> 0 | H20: =H8+H11 -> 0 | I20: =I8+I11 -> 0 | ... AC20: =AC8+AC11 -> 0 | AG20: =SUM(B20:AC20) -> 0
A21: Dia-Cama | AG21: =SUM(B21:AC21) -> 0
A22: Dia-Doente | AG22: =SUM(B22:AC22) -> 0
C24: Preenchimento manual | I24: Cálculo automático (protegido) | O24: Resultado / Total do mês (protegido) | U24: Dia inexistente no mês
B25: Nota: Não pode ser editado sem autorização do Departamento de Estatística do Hospital do Prenda.
A27: RELATÓRIO MENSAL — CIRURGIA MAXILO-FACIAL — FEVEREIRO DE 2026 | K27: TOTAL
A28: Existência Anterior | K28: =AG7 -> 0
A29: Admitidos | K29: =AG8 -> 0
A30: Diretos | K30: =AG9 -> 0
A31: Transferidos Internos | K31: =AG10 -> 0
A32: Saídos | K32: =AG11 -> 0
A33: Altas / Vivos | K33: =AG12 -> 0
A34: Falecidos | K34: =AG13 -> 0
A35: Menos de 48 Horas | K35: =AG14 -> 0
A36: 48 Horas ou Mais | K36: =AG15 -> 0
A37: Transferidos | K37: =AG16 -> 0
A38: Transferidos p/ Outros Serviços | K38: =AG17 -> 0
A39: Transferidos p/ Outros Hospitais | K39: =AG18 -> 0
... A43: Dia-Doente | K43: =AG22 -> 0
A45: Chefe de Enfermagem:
A46: Data:

Sheet MARÇO 2026
A1: MINISTÉRIO DA SAÚDE
A2: HOSPITAL DO PRENDA
A3: DEPARTAMENTO DE ESTATÍSTICA
A4: SERVIÇO: CIRURGIA MAXILO-FACIAL | S4: CÓDIGO DO SERVIÇO:
A5: MOVIMENTO MENSAL — MARÇO DE 2026
A6: Movimento Mensal | B6: 1 | C6: 2 | D6: 3 | E6: 4 | F6: 5 | G6: 6 | H6: 7 | I6: 8 | J6: 9 | K6: 10 | L6: 11 | M6: 12 | N6: 13 | O6: 14 | P6: 15 | Q6: 16 | R6: 17 | S6: 18 | T6: 19 | U6: 20 | V6: 21 | W6: 22 | X6: 23 | Y6: 24 | Z6: 25 | AA6: 26 | AB6: 27 | AC6: 28 | AD6: 29 | AE6: 30 | AF6: 31 | AG6: TOTAL
A7: Existência Anterior | B7: ='FEVEREIRO 2026'!AC19 -> 0 | C7: =B19 -> 0 | D7: =C19 -> 0 | E7: =D19 -> 0 | F7: =E19 -> 0 | G7: =F19 -> 0 | H7: =G19 -> 0 | I7: =H19 -> 0 | J7: =I19 -> 0 | ... AF7: =AE19 -> 0 | AG7: =SUM(B7:AF7) -> 0
A8: Admitidos | B8: =B9+B10 -> 0 | C8: =C9+C10 -> 0 | D8: =D9+D10 -> 0 | E8: =E9+E10 -> 0 | F8: =F9+F10 -> 0 | G8: =G9+G10 -> 0 | H8: =H9+H10 -> 0 | I8: =I9+I10 -> 0 | ... AF8: =AF9+AF10 -> 0 | AG8: =SUM(B8:AF8) -> 0
A9: Diretos | AG9: =SUM(B9:AF9) -> 0
A10: Transferidos Internos | AG10: =SUM(B10:AF10) -> 0
A11: Saídos | B11: =B12+B13+B16 -> 0 | C11: =C12+C13+C16 -> 0 | D11: =D12+D13+D16 -> 0 | E11: =E12+E13+E16 -> 0 | F11: =F12+F13+F16 -> 0 | G11: =G12+G13+G16 -> 0 | H11: =H12+H13+H16 -> 0 | I11: =I12+I13+I16 -> 0 | ... AF11: =AF12+AF13+AF16 -> 0 | AG11: =SUM(B11:AF11) -> 0
A12: Altas / Vivos | AG12: =SUM(B12:AF12) -> 0
A13: Falecidos | B13: =B14+B15 -> 0 | C13: =C14+C15 -> 0 | D13: =D14+D15 -> 0 | E13: =E14+E15 -> 0 | F13: =F14+F15 -> 0 | G13: =G14+G15 -> 0 | H13: =H14+H15 -> 0 | I13: =I14+I15 -> 0 | ... AF13: =AF14+AF15 -> 0 | AG13: =SUM(B13:AF13) -> 0
A14: Menos de 48 Horas | AG14: =SUM(B14:AF14) -> 0
A15: 48 Horas ou Mais | AG15: =SUM(B15:AF15) -> 0
A16: Transferidos | B16: =B17+B18 -> 0 | C16: =C17+C18 -> 0 | D16: =D17+D18 -> 0 | E16: =E17+E18 -> 0 | F16: =F17+F18 -> 0 | G16: =G17+G18 -> 0 | H16: =H17+H18 -> 0 | I16: =I17+I18 -> 0 | ... AF16: =AF17+AF18 -> 0 | AG16: =SUM(B16:AF16) -> 0
A17: Transferidos p/ Outros Serviços | AG17: =SUM(B17:AF17) -> 0
A18: Transferidos p/ Outros Hospitais | AG18: =SUM(B18:AF18) -> 0
A19: Ficam Existindo | B19: =B7+B8-B11 -> 0 | C19: =C7+C8-C11 -> 0 | D19: =D7+D8-D11 -> 0 | E19: =E7+E8-E11 -> 0 | F19: =F7+F8-F11 -> 0 | G19: =G7+G8-G11 -> 0 | H19: =H7+H8-H11 -> 0 | I19: =I7+I8-I11 -> 0 | ... AF19: =AF7+AF8-AF11 -> 0 | AG19: =SUM(B19:AF19) -> 0
A20: Admitidos e Saídos no Mesmo Dia | B20: =B8+B11 -> 0 | C20: =C8+C11 -> 0 | D20: =D8+D11 -> 0 | E20: =E8+E11 -> 0 | F20: =F8+F11 -> 0 | G20: =G8+G11 -> 0 | H20: =H8+H11 -> 0 | I20: =I8+I11 -> 0 | ... AF20: =AF8+AF11 -> 0 | AG20: =SUM(B20:AF20) -> 0
A21: Dia-Cama | AG21: =SUM(B21:AF21) -> 0
A22: Dia-Doente | AG22: =SUM(B22:AF22) -> 0
C24: Preenchimento manual | I24: Cálculo automático (protegido) | O24: Resultado / Total do mês (protegido) | U24: Dia inexistente no mês
B25: Nota: Não pode ser editado sem autorização do Departamento de Estatística do Hospital do Prenda.
A27: RELATÓRIO MENSAL — CIRURGIA MAXILO-FACIAL — MARÇO DE 2026 | K27: TOTAL
A28: Existência Anterior | K28: =AG7 -> 0
A29: Admitidos | K29: =AG8 -> 0
A30: Diretos | K30: =AG9 -> 0
A31: Transferidos Internos | K31: =AG10 -> 0
A32: Saídos | K32: =AG11 -> 0
A33: Altas / Vivos | K33: =AG12 -> 0
A34: Falecidos | K34: =AG13 -> 0
A35: Menos de 48 Horas | K35: =AG14 -> 0
A36: 48 Horas ou Mais | K36: =AG15 -> 0
A37: Transferidos | K37: =AG16 -> 0
A38: Transferidos p/ Outros Serviços | K38: =AG17 -> 0
A39: Transferidos p/ Outros Hospitais | K39: =AG18 -> 0
... A43: Dia-Doente | K43: =AG22 -> 0
A45: Chefe de Enfermagem:
A46: Data:

Sheet ABRIL 2026
A1: MINISTÉRIO DA SAÚDE
A2: HOSPITAL DO PRENDA
A3: DEPARTAMENTO DE ESTATÍSTICA
A4: SERVIÇO: CIRURGIA MAXILO-FACIAL | S4: CÓDIGO DO SERVIÇO:
A5: MOVIMENTO MENSAL — ABRIL DE 2026
A6: Movimento Mensal | B6: 1 | C6: 2 | D6: 3 | E6: 4 | F6: 5 | G6: 6 | H6: 7 | I6: 8 | J6: 9 | K6: 10 | L6: 11 | M6: 12 | N6: 13 | O6: 14 | P6: 15 | Q6: 16 | R6: 17 | S6: 18 | T6: 19 | U6: 20 | V6: 21 | W6: 22 | X6: 23 | Y6: 24 | Z6: 25 | AA6: 26 | AB6: 27 | AC6: 28 | AD6: 29 | AE6: 30 | AG6: TOTAL
A7: Existência Anterior | B7: ='MARÇO 2026'!AF19 -> 0 | C7: =B19 -> 0 | D7: =C19 -> 0 | E7: =D19 -> 0 | F7: =E19 -> 0 | G7: =F19 -> 0 | H7: =G19 -> 0 | I7: =H19 -> 0 | J7: =I19 -> 0 | ... AE7: =AD19 -> 0 | AG7: =SUM(B7:AE7) -> 0
A8: Admitidos | B8: =B9+B10 -> 0 | C8: =C9+C10 -> 0 | D8: =D9+D10 -> 0 | E8: =E9+E10 -> 0 | F8: =F9+F10 -> 0 | G8: =G9+G10 -> 0 | H8: =H9+H10 -> 0 | I8: =I9+I10 -> 0 | ... AE8: =AE9+AE10 -> 0 | AG8: =SUM(B8:AE8) -> 0
A9: Diretos | AG9: =SUM(B9:AE9) -> 0
A10: Transferidos Internos | AG10: =SUM(B10:AE10) -> 0
A11: Saídos | B11: =B12+B13+B16 -> 0 | C11: =C12+C13+C16 -> 0 | D11: =D12+D13+D16 -> 0 | E11: =E12+E13+E16 -> 0 | F11: =F12+F13+F16 -> 0 | G11: =G12+G13+G16 -> 0 | H11: =H12+H13+H16 -> 0 | I11: =I12+I13+I16 -> 0 | ... AE11: =AE12+AE13+AE16 -> 0 | AG11: =SUM(B11:AE11) -> 0
A12: Altas / Vivos | AG12: =SUM(B12:AE12) -> 0
A13: Falecidos | B13: =B14+B15 -> 0 | C13: =C14+C15 -> 0 | D13: =D14+D15 -> 0 | E13: =E14+E15 -> 0 | F13: =F14+F15 -> 0 | G13: =G14+G15 -> 0 | H13: =H14+H15 -> 0 | I13: =I14+I15 -> 0 | ... AE13: =AE14+AE15 -> 0 | AG13: =SUM(B13:AE13) -> 0
A14: Menos de 48 Horas | AG14: =SUM(B14:AE14) -> 0
A15: 48 Horas ou Mais | AG15: =SUM(B15:AE15) -> 0
A16: Transferidos | B16: =B17+B18 -> 0 | C16: =C17+C18 -> 0 | D16: =D17+D18 -> 0 | E16: =E17+E18 -> 0 | F16: =F17+F18 -> 0 | G16: =G17+G18 -> 0 | H16: =H17+H18 -> 0 | I16: =I17+I18 -> 0 | ... AE16: =AE17+AE18 -> 0 | AG16: =SUM(B16:AE16) -> 0
A17: Transferidos p/ Outros Serviços | AG17: =SUM(B17:AE17) -> 0
A18: Transferidos p/ Outros Hospitais | AG18: =SUM(B18:AE18) -> 0
A19: Ficam Existindo | B19: =B7+B8-B11 -> 0 | C19: =C7+C8-C11 -> 0 | D19: =D7+D8-D11 -> 0 | E19: =E7+E8-E11 -> 0 | F19: =F7+F8-F11 -> 0 | G19: =G7+G8-G11 -> 0 | H19: =H7+H8-H11 -> 0 | I19: =I7+I8-I11 -> 0 | ... AE19: =AE7+AE8-AE11 -> 0 | AG19: =SUM(B19:AE19) -> 0
A20: Admitidos e Saídos no Mesmo Dia | B20: =B8+B11 -> 0 | C20: =C8+C11 -> 0 | D20: =D8+D11 -> 0 | E20: =E8+E11 -> 0 | F20: =F8+F11 -> 0 | G20: =G8+G11 -> 0 | H20: =H8+H11 -> 0 | I20: =I8+I11 -> 0 | ... AE20: =AE8+AE11 -> 0 | AG20: =SUM(B20:AE20) -> 0
A21: Dia-Cama | AG21: =SUM(B21:AE21) -> 0
A22: Dia-Doente | AG22: =SUM(B22:AE22) -> 0
C24: Preenchimento manual | I24: Cálculo automático (protegido) | O24: Resultado / Total do mês (protegido) | U24: Dia inexistente no mês
B25: Nota: Não pode ser editado sem autorização do Departamento de Estatística do Hospital do Prenda.
A27: RELATÓRIO MENSAL — CIRURGIA MAXILO-FACIAL — ABRIL DE 2026 | K27: TOTAL
A28: Existência Anterior | K28: =AG7 -> 0
A29: Admitidos | K29: =AG8 -> 0
A30: Diretos | K30: =AG9 -> 0
A31: Transferidos Internos | K31: =AG10 -> 0
A32: Saídos | K32: =AG11 -> 0
A33: Altas / Vivos | K33: =AG12 -> 0
A34: Falecidos | K34: =AG13 -> 0
A35: Menos de 48 Horas | K35: =AG14 -> 0
A36: 48 Horas ou Mais | K36: =AG15 -> 0
A37: Transferidos | K37: =AG16 -> 0
A38: Transferidos p/ Outros Serviços | K38: =AG17 -> 0
A39: Transferidos p/ Outros Hospitais | K39: =AG18 -> 0
... A43: Dia-Doente | K43: =AG22 -> 0
A45: Chefe de Enfermagem:
A46: Data:

Sheet MAIO 2026
A1: MINISTÉRIO DA SAÚDE
A2: HOSPITAL DO PRENDA
A3: DEPARTAMENTO DE ESTATÍSTICA
A4: SERVIÇO: CIRURGIA MAXILO-FACIAL | S4: CÓDIGO DO SERVIÇO:
A5: MOVIMENTO MENSAL — MAIO DE 2026
A6: Movimento Mensal | B6: 1 | C6: 2 | D6: 3 | E6: 4 | F6: 5 | G6: 6 | H6: 7 | I6: 8 | J6: 9 | K6: 10 | L6: 11 | M6: 12 | N6: 13 | O6: 14 | P6: 15 | Q6: 16 | R6: 17 | S6: 18 | T6: 19 | U6: 20 | V6: 21 | W6: 22 | X6: 23 | Y6: 24 | Z6: 25 | AA6: 26 | AB6: 27 | AC6: 28 | AD6: 29 | AE6: 30 | AF6: 31 | AG6: TOTAL
A7: Existência Anterior | B7: ='ABRIL 2026'!AE19 -> 0 | C7: =B19 -> 0 | D7: =C19 -> 0 | E7: =D19 -> 0 | F7: =E19 -> 0 | G7: =F19 -> 0 | H7: =G19 -> 0 | I7: =H19 -> 0 | J7: =I19 -> 0 | ... AF7: =AE19 -> 0 | AG7: =SUM(B7:AF7) -> 0
A8: Admitidos | B8: =B9+B10 -> 0 | C8: =C9+C10 -> 0 | D8: =D9+D10 -> 0 | E8: =E9+E10 -> 0 | F8: =F9+F10 -> 0 | G8: =G9+G10 -> 0 | H8: =H9+H10 -> 0 | I8: =I9+I10 -> 0 | ... AF8: =AF9+AF10 -> 0 | AG8: =SUM(B8:AF8) -> 0
A9: Diretos | AG9: =SUM(B9:AF9) -> 0
A10: Transferidos Internos | AG10: =SUM(B10:AF10) -> 0
A11: Saídos | B11: =B12+B13+B16 -> 0 | C11: =C12+C13+C16 -> 0 | D11: =D12+D13+D16 -> 0 | E11: =E12+E13+E16 -> 0 | F11: =F12+F13+F16 -> 0 | G11: =G12+G13+G16 -> 0 | H11: =H12+H13+H16 -> 0 | I11: =I12+I13+I16 -> 0 | ... AF11: =AF12+AF13+AF16 -> 0 | AG11: =SUM(B11:AF11) -> 0
A12: Altas / Vivos | AG12: =SUM(B12:AF12) -> 0
A13: Falecidos | B13: =B14+B15 -> 0 | C13: =C14+C15 -> 0 | D13: =D14+D15 -> 0 | E13: =E14+E15 -> 0 | F13: =F14+F15 -> 0 | G13: =G14+G15 -> 0 | H13: =H14+H15 -> 0 | I13: =I14+I15 -> 0 | ... AF13: =AF14+AF15 -> 0 | AG13: =SUM(B13:AF13) -> 0
A14: Menos de 48 Horas | AG14: =SUM(B14:AF14) -> 0
A15: 48 Horas ou Mais | AG15: =SUM(B15:AF15) -> 0
A16: Transferidos | B16: =B17+B18 -> 0 | C16: =C17+C18 -> 0 | D16: =D17+D18 -> 0 | E16: =E17+E18 -> 0 | F16: =F17+F18 -> 0 | G16: =G17+G18 -> 0 | H16: =H17+H18 -> 0 | I16: =I17+I18 -> 0 | ... AF16: =AF17+AF18 -> 0 | AG16: =SUM(B16:AF16) -> 0
A17: Transferidos p/ Outros Serviços | AG17: =SUM(B17:AF17) -> 0
A18: Transferidos p/ Outros Hospitais | AG18: =SUM(B18:AF18) -> 0
A19: Ficam Existindo | B19: =B7+B8-B11 -> 0 | C19: =C7+C8-C11 -> 0 | D19: =D7+D8-D11 -> 0 | E19: =E7+E8-E11 -> 0 | F19: =F7+F8-F11 -> 0 | G19: =G7+G8-G11 -> 0 | H19: =H7+H8-H11 -> 0 | I19: =I7+I8-I11 -> 0 | ... AF19: =AF7+AF8-AF11 -> 0 | AG19: =SUM(B19:AF19) -> 0
A20: Admitidos e Saídos no Mesmo Dia | B20: =B8+B11 -> 0 | C20: =C8+C11 -> 0 | D20: =D8+D11 -> 0 | E20: =E8+E11 -> 0 | F20: =F8+F11 -> 0 | G20: =G8+G11 -> 0 | H20: =H8+H11 -> 0 | I20: =I8+I11 -> 0 | ... AF20: =AF8+AF11 -> 0 | AG20: =SUM(B20:AF20) -> 0
A21: Dia-Cama | AG21: =SUM(B21:AF21) -> 0
A22: Dia-Doente | AG22: =SUM(B22:AF22) -> 0
C24: Preenchimento manual | I24: Cálculo automático (protegido) | O24: Resultado / Total do mês (protegido) | U24: Dia inexistente no mês
B25: Nota: Não pode ser editado sem autorização do Departamento de Estatística do Hospital do Prenda.
A27: RELATÓRIO MENSAL — CIRURGIA MAXILO-FACIAL — MAIO DE 2026 | K27: TOTAL
A28: Existência Anterior | K28: =AG7 -> 0
A29: Admitidos | K29: =AG8 -> 0
A30: Diretos | K30: =AG9 -> 0
A31: Transferidos Internos | K31: =AG10 -> 0
A32: Saídos | K32: =AG11 -> 0
A33: Altas / Vivos | K33: =AG12 -> 0
A34: Falecidos | K34: =AG13 -> 0
A35: Menos de 48 Horas | K35: =AG14 -> 0
A36: 48 Horas ou Mais | K36: =AG15 -> 0
A37: Transferidos | K37: =AG16 -> 0
A38: Transferidos p/ Outros Serviços | K38: =AG17 -> 0
A39: Transferidos p/ Outros Hospitais | K39: =AG18 -> 0
... A43: Dia-Doente | K43: =AG22 -> 0
A45: Chefe de Enfermagem:
A46: Data:

Sheet JUNHO 2026
A1: MINISTÉRIO DA SAÚDE
A2: HOSPITAL DO PRENDA
A3: DEPARTAMENTO DE ESTATÍSTICA
A4: SERVIÇO: CIRURGIA MAXILO-FACIAL | S4: CÓDIGO DO SERVIÇO:
A5: MOVIMENTO MENSAL — JUNHO DE 2026
A6: Movimento Mensal | B6: 1 | C6: 2 | D6: 3 | E6: 4 | F6: 5 | G6: 6 | H6: 7 | I6: 8 | J6: 9 | K6: 10 | L6: 11 | M6: 12 | N6: 13 | O6: 14 | P6: 15 | Q6: 16 | R6: 17 | S6: 18 | T6: 19 | U6: 20 | V6: 21 | W6: 22 | X6: 23 | Y6: 24 | Z6: 25 | AA6: 26 | AB6: 27 | AC6: 28 | AD6: 29 | AE6: 30 | AG6: TOTAL
A7: Existência Anterior | B7: ='MAIO 2026'!AF19 -> 0 | C7: =B19 -> 0 | D7: =C19 -> 0 | E7: =D19 -> 0 | F7: =E19 -> 0 | G7: =F19 -> 0 | H7: =G19 -> 0 | I7: =H19 -> 0 | J7: =I19 -> 0 | ... AE7: =AD19 -> 0 | AG7: =SUM(B7:AE7) -> 0
A8: Admitidos | B8: =B9+B10 -> 0 | C8: =C9+C10 -> 0 | D8: =D9+D10 -> 0 | E8: =E9+E10 -> 0 | F8: =F9+F10 -> 0 | G8: =G9+G10 -> 0 | H8: =H9+H10 -> 0 | I8: =I9+I10 -> 0 | ... AE8: =AE9+AE10 -> 0 | AG8: =SUM(B8:AE8) -> 0
A9: Diretos | AG9: =SUM(B9:AE9) -> 0
A10: Transferidos Internos | AG10: =SUM(B10:AE10) -> 0
A11: Saídos | B11: =B12+B13+B16 -> 0 | C11: =C12+C13+C16 -> 0 | D11: =D12+D13+D16 -> 0 | E11: =E12+E13+E16 -> 0 | F11: =F12+F13+F16 -> 0 | G11: =G12+G13+G16 -> 0 | H11: =H12+H13+H16 -> 0 | I11: =I12+I13+I16 -> 0 | ... AE11: =AE12+AE13+AE16 -> 0 | AG11: =SUM(B11:AE11) -> 0
A12: Altas / Vivos | AG12: =SUM(B12:AE12) -> 0
A13: Falecidos | B13: =B14+B15 -> 0 | C13: =C14+C15 -> 0 | D13: =D14+D15 -> 0 | E13: =E14+E15 -> 0 | F13: =F14+F15 -> 0 | G13: =G14+G15 -> 0 | H13: =H14+H15 -> 0 | I13: =I14+I15 -> 0 | ... AE13: =AE14+AE15 -> 0 | AG13: =SUM(B13:AE13) -> 0
A14: Menos de 48 Horas | AG14: =SUM(B14:AE14) -> 0
A15: 48 Horas ou Mais | AG15: =SUM(B15:AE15) -> 0
A16: Transferidos | B16: =B17+B18 -> 0 | C16: =C17+C18 -> 0 | D16: =D17+D18 -> 0 | E16: =E17+E18 -> 0 | F16: =F17+F18 -> 0 | G16: =G17+G18 -> 0 | H16: =H17+H18 -> 0 | I16: =I17+I18 -> 0 | ... AE16: =AE17+AE18 -> 0 | AG16: =SUM(B16:AE16) -> 0
A17: Transferidos p/ Outros Serviços | AG17: =SUM(B17:AE17) -> 0
A18: Transferidos p/ Outros Hospitais | AG18: =SUM(B18:AE18) -> 0
A19: Ficam Existindo | B19: =B7+B8-B11 -> 0 | C19: =C7+C8-C11 -> 0 | D19: =D7+D8-D11 -> 0 | E19: =E7+E8-E11 -> 0 | F19: =F7+F8-F11 -> 0 | G19: =G7+G8-G11 -> 0 | H19: =H7+H8-H11 -> 0 | I19: =I7+I8-I11 -> 0 | ... AE19: =AE7+AE8-AE11 -> 0 | AG19: =SUM(B19:AE19) -> 0
A20: Admitidos e Saídos no Mesmo Dia | B20: =B8+B11 -> 0 | C20: =C8+C11 -> 0 | D20: =D8+D11 -> 0 | E20: =E8+E11 -> 0 | F20: =F8+F11 -> 0 | G20: =G8+G11 -> 0 | H20: =H8+H11 -> 0 | I20: =I8+I11 -> 0 | ... AE20: =AE8+AE11 -> 0 | AG20: =SUM(B20:AE20) -> 0
A21: Dia-Cama | AG21: =SUM(B21:AE21) -> 0
A22: Dia-Doente | AG22: =SUM(B22:AE22) -> 0
C24: Preenchimento manual | I24: Cálculo automático (protegido) | O24: Resultado / Total do mês (protegido) | U24: Dia inexistente no mês
B25: Nota: Não pode ser editado sem autorização do Departamento de Estatística do Hospital do Prenda.
A27: RELATÓRIO MENSAL — CIRURGIA MAXILO-FACIAL — JUNHO DE 2026 | K27: TOTAL
A28: Existência Anterior | K28: =AG7 -> 0
A29: Admitidos | K29: =AG8 -> 0
A30: Diretos | K30: =AG9 -> 0
A31: Transferidos Internos | K31: =AG10 -> 0
A32: Saídos | K32: =AG11 -> 0
A33: Altas / Vivos | K33: =AG12 -> 0
A34: Falecidos | K34: =AG13 -> 0
A35: Menos de 48 Horas | K35: =AG14 -> 0
A36: 48 Horas ou Mais | K36: =AG15 -> 0
A37: Transferidos | K37: =AG16 -> 0
A38: Transferidos p/ Outros Serviços | K38: =AG17 -> 0
A39: Transferidos p/ Outros Hospitais | K39: =AG18 -> 0
... A43: Dia-Doente | K43: =AG22 -> 0
A45: Chefe de Enfermagem:
A46: Data:

Sheet JULHO 2026
A1: MINISTÉRIO DA SAÚDE
A2: HOSPITAL DO PRENDA
A3: DEPARTAMENTO DE ESTATÍSTICA
A4: SERVIÇO: CIRURGIA MAXILO-FACIAL | S4: CÓDIGO DO SERVIÇO:
A5: MOVIMENTO MENSAL — JULHO DE 2026
A6: Movimento Mensal | B6: 1 | C6: 2 | D6: 3 | E6: 4 | F6: 5 | G6: 6 | H6: 7 | I6: 8 | J6: 9 | K6: 10 | L6: 11 | M6: 12 | N6: 13 | O6: 14 | P6: 15 | Q6: 16 | R6: 17 | S6: 18 | T6: 19 | U6: 20 | V6: 21 | W6: 22 | X6: 23 | Y6: 24 | Z6: 25 | AA6: 26 | AB6: 27 | AC6: 28 | AD6: 29 | AE6: 30 | AF6: 31 | AG6: TOTAL
A7: Existência Anterior | B7: ='JUNHO 2026'!AE19 -> 0 | C7: =B19 -> 0 | D7: =C19 -> 0 | E7: =D19 -> 0 | F7: =E19 -> 0 | G7: =F19 -> 0 | H7: =G19 -> 0 | I7: =H19 -> 0 | J7: =I19 -> 0 | ... AF7: =AE19 -> 0 | AG7: =SUM(B7:AF7) -> 0
A8: Admitidos | B8: =B9+B10 -> 0 | C8: =C9+C10 -> 0 | D8: =D9+D10 -> 0 | E8: =E9+E10 -> 0 | F8: =F9+F10 -> 0 | G8: =G9+G10 -> 0 | H8: =H9+H10 -> 0 | I8: =I9+I10 -> 0 | ... AF8: =AF9+AF10 -> 0 | AG8: =SUM(B8:AF8) -> 0
A9: Diretos | AG9: =SUM(B9:AF9) -> 0
A10: Transferidos Internos | AG10: =SUM(B10:AF10) -> 0
A11: Saídos | B11: =B12+B13+B16 -> 0 | C11: =C12+C13+C16 -> 0 | D11: =D12+D13+D16 -> 0 | E11: =E12+E13+E16 -> 0 | F11: =F12+F13+F16 -> 0 | G11: =G12+G13+G16 -> 0 | H11: =H12+H13+H16 -> 0 | I11: =I12+I13+I16 -> 0 | ... AF11: =AF12+AF13+AF16 -> 0 | AG11: =SUM(B11:AF11) -> 0
A12: Altas / Vivos | AG12: =SUM(B12:AF12) -> 0
A13: Falecidos | B13: =B14+B15 -> 0 | C13: =C14+C15 -> 0 | D13: =D14+D15 -> 0 | E13: =E14+E15 -> 0 | F13: =F14+F15 -> 0 | G13: =G14+G15 -> 0 | H13: =H14+H15 -> 0 | I13: =I14+I15 -> 0 | ... AF13: =AF14+AF15 -> 0 | AG13: =SUM(B13:AF13) -> 0
A14: Menos de 48 Horas | AG14: =SUM(B14:AF14) -> 0
A15: 48 Horas ou Mais | AG15: =SUM(B15:AF15) -> 0
A16: Transferidos | B16: =B17+B18 -> 0 | C16: =C17+C18 -> 0 | D16: =D17+D18 -> 0 | E16: =E17+E18 -> 0 | F16: =F17+F18 -> 0 | G16: =G17+G18 -> 0 | H16: =H17+H18 -> 0 | I16: =I17+I18 -> 0 | ... AF16: =AF17+AF18 -> 0 | AG16: =SUM(B16:AF16) -> 0
A17: Transferidos p/ Outros Serviços | AG17: =SUM(B17:AF17) -> 0
A18: Transferidos p/ Outros Hospitais | AG18: =SUM(B18:AF18) -> 0
A19: Ficam Existindo | B19: =B7+B8-B11 -> 0 | C19: =C7+C8-C11 -> 0 | D19: =D7+D8-D11 -> 0 | E19: =E7+E8-E11 -> 0 | F19: =F7+F8-F11 -> 0 | G19: =G7+G8-G11 -> 0 | H19: =H7+H8-H11 -> 0 | I19: =I7+I8-I11 -> 0 | ... AF19: =AF7+AF8-AF11 -> 0 | AG19: =SUM(B19:AF19) -> 0
A20: Admitidos e Saídos no Mesmo Dia | B20: =B8+B11 -> 0 | C20: =C8+C11 -> 0 | D20: =D8+D11 -> 0 | E20: =E8+E11 -> 0 | F20: =F8+F11 -> 0 | G20: =G8+G11 -> 0 | H20: =H8+H11 -> 0 | I20: =I8+I11 -> 0 | ... AF20: =AF8+AF11 -> 0 | AG20: =SUM(B20:AF20) -> 0
A21: Dia-Cama | AG21: =SUM(B21:AF21) -> 0
A22: Dia-Doente | AG22: =SUM(B22:AF22) -> 0
C24: Preenchimento manual | I24: Cálculo automático (protegido) | O24: Resultado / Total do mês (protegido) | U24: Dia inexistente no mês
B25: Nota: Não pode ser editado sem autorização do Departamento de Estatística do Hospital do Prenda.
A27: RELATÓRIO MENSAL — CIRURGIA MAXILO-FACIAL — JULHO DE 2026 | K27: TOTAL
A28: Existência Anterior | K28: =AG7 -> 0
A29: Admitidos | K29: =AG8 -> 0
A30: Diretos | K30: =AG9 -> 0
A31: Transferidos Internos | K31: =AG10 -> 0
A32: Saídos | K32: =AG11 -> 0
A33: Altas / Vivos | K33: =AG12 -> 0
A34: Falecidos | K34: =AG13 -> 0
A35: Menos de 48 Horas | K35: =AG14 -> 0
A36: 48 Horas ou Mais | K36: =AG15 -> 0
A37: Transferidos | K37: =AG16 -> 0
A38: Transferidos p/ Outros Serviços | K38: =AG17 -> 0
A39: Transferidos p/ Outros Hospitais | K39: =AG18 -> 0
... A43: Dia-Doente | K43: =AG22 -> 0
A45: Chefe de Enfermagem:
A46: Data:

Sheet AGOSTO 2026
A1: MINISTÉRIO DA SAÚDE
A2: HOSPITAL DO PRENDA
A3: DEPARTAMENTO DE ESTATÍSTICA
A4: SERVIÇO: CIRURGIA MAXILO-FACIAL | S4: CÓDIGO DO SERVIÇO:
A5: MOVIMENTO MENSAL — AGOSTO DE 2026
A6: Movimento Mensal | B6: 1 | C6: 2 | D6: 3 | E6: 4 | F6: 5 | G6: 6 | H6: 7 | I6: 8 | J6: 9 | K6: 10 | L6: 11 | M6: 12 | N6: 13 | O6: 14 | P6: 15 | Q6: 16 | R6: 17 | S6: 18 | T6: 19 | U6: 20 | V6: 21 | W6: 22 | X6: 23 | Y6: 24 | Z6: 25 | AA6: 26 | AB6: 27 | AC6: 28 | AD6: 29 | AE6: 30 | AF6: 31 | AG6: TOTAL
A7: Existência Anterior | B7: ='JULHO 2026'!AF19 -> 0 | C7: =B19 -> 0 | D7: =C19 -> 0 | E7: =D19 -> 0 | F7: =E19 -> 0 | G7: =F19 -> 0 | H7: =G19 -> 0 | I7: =H19 -> 0 | J7: =I19 -> 0 | ... AF7: =AE19 -> 0 | AG7: =SUM(B7:AF7) -> 0
A8: Admitidos | B8: =B9+B10 -> 0 | C8: =C9+C10 -> 0 | D8: =D9+D10 -> 0 | E8: =E9+E10 -> 0 | F8: =F9+F10 -> 0 | G8: =G9+G10 -> 0 | H8: =H9+H10 -> 0 | I8: =I9+I10 -> 0 | ... AF8: =AF9+AF10 -> 0 | AG8: =SUM(B8:AF8) -> 0
A9: Diretos | AG9: =SUM(B9:AF9) -> 0
A10: Transferidos Internos | AG10: =SUM(B10:AF10) -> 0
A11: Saídos | B11: =B12+B13+B16 -> 0 | C11: =C12+C13+C16 -> 0 | D11: =D12+D13+D16 -> 0 | E11: =E12+E13+E16 -> 0 | F11: =F12+F13+F16 -> 0 | G11: =G12+G13+G16 -> 0 | H11: =H12+H13+H16 -> 0 | I11: =I12+I13+I16 -> 0 | ... AF11: =AF12+AF13+AF16 -> 0 | AG11: =SUM(B11:AF11) -> 0
A12: Altas / Vivos | AG12: =SUM(B12:AF12) -> 0
A13: Falecidos | B13: =B14+B15 -> 0 | C13: =C14+C15 -> 0 | D13: =D14+D15 -> 0 | E13: =E14+E15 -> 0 | F13: =F14+F15 -> 0 | G13: =G14+G15 -> 0 | H13: =H14+H15 -> 0 | I13: =I14+I15 -> 0 | ... AF13: =AF14+AF15 -> 0 | AG13: =SUM(B13:AF13) -> 0
A14: Menos de 48 Horas | AG14: =SUM(B14:AF14) -> 0
A15: 48 Horas ou Mais | AG15: =SUM(B15:AF15) -> 0
A16: Transferidos | B16: =B17+B18 -> 0 | C16: =C17+C18 -> 0 | D16: =D17+D18 -> 0 | E16: =E17+E18 -> 0 | F16: =F17+F18 -> 0 | G16: =G17+G18 -> 0 | H16: =H17+H18 -> 0 | I16: =I17+I18 -> 0 | ... AF16: =AF17+AF18 -> 0 | AG16: =SUM(B16:AF16) -> 0
A17: Transferidos p/ Outros Serviços | AG17: =SUM(B17:AF17) -> 0
A18: Transferidos p/ Outros Hospitais | AG18: =SUM(B18:AF18) -> 0
A19: Ficam Existindo | B19: =B7+B8-B11 -> 0 | C19: =C7+C8-C11 -> 0 | D19: =D7+D8-D11 -> 0 | E19: =E7+E8-E11 -> 0 | F19: =F7+F8-F11 -> 0 | G19: =G7+G8-G11 -> 0 | H19: =H7+H8-H11 -> 0 | I19: =I7+I8-I11 -> 0 | ... AF19: =AF7+AF8-AF11 -> 0 | AG19: =SUM(B19:AF19) -> 0
A20: Admitidos e Saídos no Mesmo Dia | B20: =B8+B11 -> 0 | C20: =C8+C11 -> 0 | D20: =D8+D11 -> 0 | E20: =E8+E11 -> 0 | F20: =F8+F11 -> 0 | G20: =G8+G11 -> 0 | H20: =H8+H11 -> 0 | I20: =I8+I11 -> 0 | ... AF20: =AF8+AF11 -> 0 | AG20: =SUM(B20:AF20) -> 0
A21: Dia-Cama | AG21: =SUM(B21:AF21) -> 0
A22: Dia-Doente | AG22: =SUM(B22:AF22) -> 0
C24: Preenchimento manual | I24: Cálculo automático (protegido) | O24: Resultado / Total do mês (protegido) | U24: Dia inexistente no mês
B25: Nota: Não pode ser editado sem autorização do Departamento de Estatística do Hospital do Prenda.
A27: RELATÓRIO MENSAL — CIRURGIA MAXILO-FACIAL — AGOSTO DE 2026 | K27: TOTAL
A28: Existência Anterior | K28: =AG7 -> 0
A29: Admitidos | K29: =AG8 -> 0
A30: Diretos | K30: =AG9 -> 0
A31: Transferidos Internos | K31: =AG10 -> 0
A32: Saídos | K32: =AG11 -> 0
A33: Altas / Vivos | K33: =AG12 -> 0
A34: Falecidos | K34: =AG13 -> 0
A35: Menos de 48 Horas | K35: =AG14 -> 0
A36: 48 Horas ou Mais | K36: =AG15 -> 0
A37: Transferidos | K37: =AG16 -> 0
A38: Transferidos p/ Outros Serviços | K38: =AG17 -> 0
A39: Transferidos p/ Outros Hospitais | K39: =AG18 -> 0
... A43: Dia-Doente | K43: =AG22 -> 0
A45: Chefe de Enfermagem:
A46: Data:

Sheet SETEMBRO 2026
A1: MINISTÉRIO DA SAÚDE
A2: HOSPITAL DO PRENDA
A3: DEPARTAMENTO DE ESTATÍSTICA
A4: SERVIÇO: CIRURGIA MAXILO-FACIAL | S4: CÓDIGO DO SERVIÇO:
A5: MOVIMENTO MENSAL — SETEMBRO DE 2026
A6: Movimento Mensal | B6: 1 | C6: 2 | D6: 3 | E6: 4 | F6: 5 | G6: 6 | H6: 7 | I6: 8 | J6: 9 | K6: 10 | L6: 11 | M6: 12 | N6: 13 | O6: 14 | P6: 15 | Q6: 16 | R6: 17 | S6: 18 | T6: 19 | U6: 20 | V6: 21 | W6: 22 | X6: 23 | Y6: 24 | Z6: 25 | AA6: 26 | AB6: 27 | AC6: 28 | AD6: 29 | AE6: 30 | AG6: TOTAL
A7: Existência Anterior | B7: ='AGOSTO 2026'!AF19 -> 0 | C7: =B19 -> 0 | D7: =C19 -> 0 | E7: =D19 -> 0 | F7: =E19 -> 0 | G7: =F19 -> 0 | H7: =G19 -> 0 | I7: =H19 -> 0 | J7: =I19 -> 0 | ... AE7: =AD19 -> 0 | AG7: =SUM(B7:AE7) -> 0
A8: Admitidos | B8: =B9+B10 -> 0 | C8: =C9+C10 -> 0 | D8: =D9+D10 -> 0 | E8: =E9+E10 -> 0 | F8: =F9+F10 -> 0 | G8: =G9+G10 -> 0 | H8: =H9+H10 -> 0 | I8: =I9+I10 -> 0 | ... AE8: =AE9+AE10 -> 0 | AG8: =SUM(B8:AE8) -> 0
A9: Diretos | AG9: =SUM(B9:AE9) -> 0
A10: Transferidos Internos | AG10: =SUM(B10:AE10) -> 0
A11: Saídos | B11: =B12+B13+B16 -> 0 | C11: =C12+C13+C16 -> 0 | D11: =D12+D13+D16 -> 0 | E11: =E12+E13+E16 -> 0 | F11: =F12+F13+F16 -> 0 | G11: =G12+G13+G16 -> 0 | H11: =H12+H13+H16 -> 0 | I11: =I12+I13+I16 -> 0 | ... AE11: =AE12+AE13+AE16 -> 0 | AG11: =SUM(B11:AE11) -> 0
A12: Altas / Vivos | AG12: =SUM(B12:AE12) -> 0
A13: Falecidos | B13: =B14+B15 -> 0 | C13: =C14+C15 -> 0 | D13: =D14+D15 -> 0 | E13: =E14+E15 -> 0 | F13: =F14+F15 -> 0 | G13: =G14+G15 -> 0 | H13: =H14+H15 -> 0 | I13: =I14+I15 -> 0 | ... AE13: =AE14+AE15 -> 0 | AG13: =SUM(B13:AE13) -> 0
A14: Menos de 48 Horas | AG14: =SUM(B14:AE14) -> 0
A15: 48 Horas ou Mais | AG15: =SUM(B15:AE15) -> 0
A16: Transferidos | B16: =B17+B18 -> 0 | C16: =C17+C18 -> 0 | D16: =D17+D18 -> 0 | E16: =E17+E18 -> 0 | F16: =F17+F18 -> 0 | G16: =G17+G18 -> 0 | H16: =H17+H18 -> 0 | I16: =I17+I18 -> 0 | ... AE16: =AE17+AE18 -> 0 | AG16: =SUM(B16:AE16) -> 0
A17: Transferidos p/ Outros Serviços | AG17: =SUM(B17:AE17) -> 0
A18: Transferidos p/ Outros Hospitais | AG18: =SUM(B18:AE18) -> 0
A19: Ficam Existindo | B19: =B7+B8-B11 -> 0 | C19: =C7+C8-C11 -> 0 | D19: =D7+D8-D11 -> 0 | E19: =E7+E8-E11 -> 0 | F19: =F7+F8-F11 -> 0 | G19: =G7+G8-G11 -> 0 | H19: =H7+H8-H11 -> 0 | I19: =I7+I8-I11 -> 0 | ... AE19: =AE7+AE8-AE11 -> 0 | AG19: =SUM(B19:AE19) -> 0
A20: Admitidos e Saídos no Mesmo Dia | B20: =B8+B11 -> 0 | C20: =C8+C11 -> 0 | D20: =D8+D11 -> 0 | E20: =E8+E11 -> 0 | F20: =F8+F11 -> 0 | G20: =G8+G11 -> 0 | H20: =H8+H11 -> 0 | I20: =I8+I11 -> 0 | ... AE20: =AE8+AE11 -> 0 | AG20: =SUM(B20:AE20) -> 0
A21: Dia-Cama | AG21: =SUM(B21:AE21) -> 0
A22: Dia-Doente | AG22: =SUM(B22:AE22) -> 0
C24: Preenchimento manual | I24: Cálculo automático (protegido) | O24: Resultado / Total do mês (protegido) | U24: Dia inexistente no mês
B25: Nota: Não pode ser editado sem autorização do Departamento de Estatística do Hospital do Prenda.
A27: RELATÓRIO MENSAL — CIRURGIA MAXILO-FACIAL — SETEMBRO DE 2026 | K27: TOTAL
A28: Existência Anterior | K28: =AG7 -> 0
A29: Admitidos | K29: =AG8 -> 0
A30: Diretos | K30: =AG9 -> 0
A31: Transferidos Internos | K31: =AG10 -> 0
A32: Saídos | K32: =AG11 -> 0
A33: Altas / Vivos | K33: =AG12 -> 0
A34: Falecidos | K34: =AG13 -> 0
A35: Menos de 48 Horas | K35: =AG14 -> 0
A36: 48 Horas ou Mais | K36: =AG15 -> 0
A37: Transferidos | K37: =AG16 -> 0
A38: Transferidos p/ Outros Serviços | K38: =AG17 -> 0
A39: Transferidos p/ Outros Hospitais | K39: =AG18 -> 0
... A43: Dia-Doente | K43: =AG22 -> 0
A45: Chefe de Enfermagem:
A46: Data:

Sheet OUTUBRO 2026
A1: MINISTÉRIO DA SAÚDE
A2: HOSPITAL DO PRENDA
A3: DEPARTAMENTO DE ESTATÍSTICA
A4: SERVIÇO: CIRURGIA MAXILO-FACIAL | S4: CÓDIGO DO SERVIÇO:
A5: MOVIMENTO MENSAL — OUTUBRO DE 2026
A6: Movimento Mensal | B6: 1 | C6: 2 | D6: 3 | E6: 4 | F6: 5 | G6: 6 | H6: 7 | I6: 8 | J6: 9 | K6: 10 | L6: 11 | M6: 12 | N6: 13 | O6: 14 | P6: 15 | Q6: 16 | R6: 17 | S6: 18 | T6: 19 | U6: 20 | V6: 21 | W6: 22 | X6: 23 | Y6: 24 | Z6: 25 | AA6: 26 | AB6: 27 | AC6: 28 | AD6: 29 | AE6: 30 | AF6: 31 | AG6: TOTAL
A7: Existência Anterior | B7: ='SETEMBRO 2026'!AE19 -> 0 | C7: =B19 -> 0 | D7: =C19 -> 0 | E7: =D19 -> 0 | F7: =E19 -> 0 | G7: =F19 -> 0 | H7: =G19 -> 0 | I7: =H19 -> 0 | J7: =I19 -> 0 | ... AF7: =AE19 -> 0 | AG7: =SUM(B7:AF7) -> 0
A8: Admitidos | B8: =B9+B10 -> 0 | C8: =C9+C10 -> 0 | D8: =D9+D10 -> 0 | E8: =E9+E10 -> 0 | F8: =F9+F10 -> 0 | G8: =G9+G10 -> 0 | H8: =H9+H10 -> 0 | I8: =I9+I10 -> 0 | ... AF8: =AF9+AF10 -> 0 | AG8: =SUM(B8:AF8) -> 0
A9: Diretos | AG9: =SUM(B9:AF9) -> 0
A10: Transferidos Internos | AG10: =SUM(B10:AF10) -> 0
A11: Saídos | B11: =B12+B13+B16 -> 0 | C11: =C12+C13+C16 -> 0 | D11: =D12+D13+D16 -> 0 | E11: =E12+E13+E16 -> 0 | F11: =F12+F13+F16 -> 0 | G11: =G12+G13+G16 -> 0 | H11: =H12+H13+H16 -> 0 | I11: =I12+I13+I16 -> 0 | ... AF11: =AF12+AF13+AF16 -> 0 | AG11: =SUM(B11:AF11) -> 0
A12: Altas / Vivos | AG12: =SUM(B12:AF12) -> 0
A13: Falecidos | B13: =B14+B15 -> 0 | C13: =C14+C15 -> 0 | D13: =D14+D15 -> 0 | E13: =E14+E15 -> 0 | F13: =F14+F15 -> 0 | G13: =G14+G15 -> 0 | H13: =H14+H15 -> 0 | I13: =I14+I15 -> 0 | ... AF13: =AF14+AF15 -> 0 | AG13: =SUM(B13:AF13) -> 0
A14: Menos de 48 Horas | AG14: =SUM(B14:AF14) -> 0
A15: 48 Horas ou Mais | AG15: =SUM(B15:AF15) -> 0
A16: Transferidos | B16: =B17+B18 -> 0 | C16: =C17+C18 -> 0 | D16: =D17+D18 -> 0 | E16: =E17+E18 -> 0 | F16: =F17+F18 -> 0 | G16: =G17+G18 -> 0 | H16: =H17+H18 -> 0 | I16: =I17+I18 -> 0 | ... AF16: =AF17+AF18 -> 0 | AG16: =SUM(B16:AF16) -> 0
A17: Transferidos p/ Outros Serviços | AG17: =SUM(B17:AF17) -> 0
A18: Transferidos p/ Outros Hospitais | AG18: =SUM(B18:AF18) -> 0
A19: Ficam Existindo | B19: =B7+B8-B11 -> 0 | C19: =C7+C8-C11 -> 0 | D19: =D7+D8-D11 -> 0 | E19: =E7+E8-E11 -> 0 | F19: =F7+F8-F11 -> 0 | G19: =G7+G8-G11 -> 0 | H19: =H7+H8-H11 -> 0 | I19: =I7+I8-I11 -> 0 | ... AF19: =AF7+AF8-AF11 -> 0 | AG19: =SUM(B19:AF19) -> 0
A20: Admitidos e Saídos no Mesmo Dia | B20: =B8+B11 -> 0 | C20: =C8+C11 -> 0 | D20: =D8+D11 -> 0 | E20: =E8+E11 -> 0 | F20: =F8+F11 -> 0 | G20: =G8+G11 -> 0 | H20: =H8+H11 -> 0 | I20: =I8+I11 -> 0 | ... AF20: =AF8+AF11 -> 0 | AG20: =SUM(B20:AF20) -> 0
A21: Dia-Cama | AG21: =SUM(B21:AF21) -> 0
A22: Dia-Doente | AG22: =SUM(B22:AF22) -> 0
C24: Preenchimento manual | I24: Cálculo automático (protegido) | O24: Resultado / Total do mês (protegido) | U24: Dia inexistente no mês
B25: Nota: Não pode ser editado sem autorização do Departamento de Estatística do Hospital do Prenda.
A27: RELATÓRIO MENSAL — CIRURGIA MAXILO-FACIAL — OUTUBRO DE 2026 | K27: TOTAL
A28: Existência Anterior | K28: =AG7 -> 0
A29: Admitidos | K29: =AG8 -> 0
A30: Diretos | K30: =AG9 -> 0
A31: Transferidos Internos | K31: =AG10 -> 0
A32: Saídos | K32: =AG11 -> 0
A33: Altas / Vivos | K33: =AG12 -> 0
A34: Falecidos | K34: =AG13 -> 0
A35: Menos de 48 Horas | K35: =AG14 -> 0
A36: 48 Horas ou Mais | K36: =AG15 -> 0
A37: Transferidos | K37: =AG16 -> 0
A38: Transferidos p/ Outros Serviços | K38: =AG17 -> 0
A39: Transferidos p/ Outros Hospitais | K39: =AG18 -> 0
... A43: Dia-Doente | K43: =AG22 -> 0
A45: Chefe de Enfermagem:
A46: Data:

Sheet NOVEMBRO 2026
A1: MINISTÉRIO DA SAÚDE
A2: HOSPITAL DO PRENDA
A3: DEPARTAMENTO DE ESTATÍSTICA
A4: SERVIÇO: CIRURGIA MAXILO-FACIAL | S4: CÓDIGO DO SERVIÇO:
A5: MOVIMENTO MENSAL — NOVEMBRO DE 2026
A6: Movimento Mensal | B6: 1 | C6: 2 | D6: 3 | E6: 4 | F6: 5 | G6: 6 | H6: 7 | I6: 8 | J6: 9 | K6: 10 | L6: 11 | M6: 12 | N6: 13 | O6: 14 | P6: 15 | Q6: 16 | R6: 17 | S6: 18 | T6: 19 | U6: 20 | V6: 21 | W6: 22 | X6: 23 | Y6: 24 | Z6: 25 | AA6: 26 | AB6: 27 | AC6: 28 | AD6: 29 | AE6: 30 | AG6: TOTAL
A7: Existência Anterior | B7: ='OUTUBRO 2026'!AF19 -> 0 | C7: =B19 -> 0 | D7: =C19 -> 0 | E7: =D19 -> 0 | F7: =E19 -> 0 | G7: =F19 -> 0 | H7: =G19 -> 0 | I7: =H19 -> 0 | J7: =I19 -> 0 | ... AE7: =AD19 -> 0 | AG7: =SUM(B7:AE7) -> 0
A8: Admitidos | B8: =B9+B10 -> 0 | C8: =C9+C10 -> 0 | D8: =D9+D10 -> 0 | E8: =E9+E10 -> 0 | F8: =F9+F10 -> 0 | G8: =G9+G10 -> 0 | H8: =H9+H10 -> 0 | I8: =I9+I10 -> 0 | ... AE8: =AE9+AE10 -> 0 | AG8: =SUM(B8:AE8) -> 0
A9: Diretos | AG9: =SUM(B9:AE9) -> 0
A10: Transferidos Internos | AG10: =SUM(B10:AE10) -> 0
A11: Saídos | B11: =B12+B13+B16 -> 0 | C11: =C12+C13+C16 -> 0 | D11: =D12+D13+D16 -> 0 | E11: =E12+E13+E16 -> 0 | F11: =F12+F13+F16 -> 0 | G11: =G12+G13+G16 -> 0 | H11: =H12+H13+H16 -> 0 | I11: =I12+I13+I16 -> 0 | ... AE11: =AE12+AE13+AE16 -> 0 | AG11: =SUM(B11:AE11) -> 0
A12: Altas / Vivos | AG12: =SUM(B12:AE12) -> 0
A13: Falecidos | B13: =B14+B15 -> 0 | C13: =C14+C15 -> 0 | D13: =D14+D15 -> 0 | E13: =E14+E15 -> 0 | F13: =F14+F15 -> 0 | G13: =G14+G15 -> 0 | H13: =H14+H15 -> 0 | I13: =I14+I15 -> 0 | ... AE13: =AE14+AE15 -> 0 | AG13: =SUM(B13:AE13) -> 0
A14: Menos de 48 Horas | AG14: =SUM(B14:AE14) -> 0
A15: 48 Horas ou Mais | AG15: =SUM(B15:AE15) -> 0
A16: Transferidos | B16: =B17+B18 -> 0 | C16: =C17+C18 -> 0 | D16: =D17+D18 -> 0 | E16: =E17+E18 -> 0 | F16: =F17+F18 -> 0 | G16: =G17+G18 -> 0 | H16: =H17+H18 -> 0 | I16: =I17+I18 -> 0 | ... AE16: =AE17+AE18 -> 0 | AG16: =SUM(B16:AE16) -> 0
A17: Transferidos p/ Outros Serviços | AG17: =SUM(B17:AE17) -> 0
A18: Transferidos p/ Outros Hospitais | AG18: =SUM(B18:AE18) -> 0
A19: Ficam Existindo | B19: =B7+B8-B11 -> 0 | C19: =C7+C8-C11 -> 0 | D19: =D7+D8-D11 -> 0 | E19: =E7+E8-E11 -> 0 | F19: =F7+F8-F11 -> 0 | G19: =G7+G8-G11 -> 0 | H19: =H7+H8-H11 -> 0 | I19: =I7+I8-I11 -> 0 | ... AE19: =AE7+AE8-AE11 -> 0 | AG19: =SUM(B19:AE19) -> 0
A20: Admitidos e Saídos no Mesmo Dia | B20: =B8+B11 -> 0 | C20: =C8+C11 -> 0 | D20: =D8+D11 -> 0 | E20: =E8+E11 -> 0 | F20: =F8+F11 -> 0 | G20: =G8+G11 -> 0 | H20: =H8+H11 -> 0 | I20: =I8+I11 -> 0 | ... AE20: =AE8+AE11 -> 0 | AG20: =SUM(B20:AE20) -> 0
A21: Dia-Cama | AG21: =SUM(B21:AE21) -> 0
A22: Dia-Doente | AG22: =SUM(B22:AE22) -> 0
C24: Preenchimento manual | I24: Cálculo automático (protegido) | O24: Resultado / Total do mês (protegido) | U24: Dia inexistente no mês
B25: Nota: Não pode ser editado sem autorização do Departamento de Estatística do Hospital do Prenda.
A27: RELATÓRIO MENSAL — CIRURGIA MAXILO-FACIAL — NOVEMBRO DE 2026 | K27: TOTAL
A28: Existência Anterior | K28: =AG7 -> 0
A29: Admitidos | K29: =AG8 -> 0
A30: Diretos | K30: =AG9 -> 0
A31: Transferidos Internos | K31: =AG10 -> 0
A32: Saídos | K32: =AG11 -> 0
A33: Altas / Vivos | K33: =AG12 -> 0
A34: Falecidos | K34: =AG13 -> 0
A35: Menos de 48 Horas | K35: =AG14 -> 0
A36: 48 Horas ou Mais | K36: =AG15 -> 0
A37: Transferidos | K37: =AG16 -> 0
A38: Transferidos p/ Outros Serviços | K38: =AG17 -> 0
A39: Transferidos p/ Outros Hospitais | K39: =AG18 -> 0
... A43: Dia-Doente | K43: =AG22 -> 0
A45: Chefe de Enfermagem:
A46: Data:

Sheet DEZEMBRO 2026
A1: MINISTÉRIO DA SAÚDE
A2: HOSPITAL DO PRENDA
A3: DEPARTAMENTO DE ESTATÍSTICA
A4: SERVIÇO: CIRURGIA MAXILO-FACIAL | S4: CÓDIGO DO SERVIÇO:
A5: MOVIMENTO MENSAL — DEZEMBRO DE 2026
A6: Movimento Mensal | B6: 1 | C6: 2 | D6: 3 | E6: 4 | F6: 5 | G6: 6 | H6: 7 | I6: 8 | J6: 9 | K6: 10 | L6: 11 | M6: 12 | N6: 13 | O6: 14 | P6: 15 | Q6: 16 | R6: 17 | S6: 18 | T6: 19 | U6: 20 | V6: 21 | W6: 22 | X6: 23 | Y6: 24 | Z6: 25 | AA6: 26 | AB6: 27 | AC6: 28 | AD6: 29 | AE6: 30 | AF6: 31 | AG6: TOTAL
A7: Existência Anterior | B7: ='NOVEMBRO 2026'!AE19 -> 0 | C7: =B19 -> 0 | D7: =C19 -> 0 | E7: =D19 -> 0 | F7: =E19 -> 0 | G7: =F19 -> 0 | H7: =G19 -> 0 | I7: =H19 -> 0 | J7: =I19 -> 0 | ... AF7: =AE19 -> 0 | AG7: =SUM(B7:AF7) -> 0
A8: Admitidos | B8: =B9+B10 -> 0 | C8: =C9+C10 -> 0 | D8: =D9+D10 -> 0 | E8: =E9+E10 -> 0 | F8: =F9+F10 -> 0 | G8: =G9+G10 -> 0 | H8: =H9+H10 -> 0 | I8: =I9+I10 -> 0 | ... AF8: =AF9+AF10 -> 0 | AG8: =SUM(B8:AF8) -> 0
A9: Diretos | AG9: =SUM(B9:AF9) -> 0
A10: Transferidos Internos | AG10: =SUM(B10:AF10) -> 0
A11: Saídos | B11: =B12+B13+B16 -> 0 | C11: =C12+C13+C16 -> 0 | D11: =D12+D13+D16 -> 0 | E11: =E12+E13+E16 -> 0 | F11: =F12+F13+F16 -> 0 | G11: =G12+G13+G16 -> 0 | H11: =H12+H13+H16 -> 0 | I11: =I12+I13+I16 -> 0 | ... AF11: =AF12+AF13+AF16 -> 0 | AG11: =SUM(B11:AF11) -> 0
A12: Altas / Vivos | AG12: =SUM(B12:AF12) -> 0
A13: Falecidos | B13: =B14+B15 -> 0 | C13: =C14+C15 -> 0 | D13: =D14+D15 -> 0 | E13: =E14+E15 -> 0 | F13: =F14+F15 -> 0 | G13: =G14+G15 -> 0 | H13: =H14+H15 -> 0 | I13: =I14+I15 -> 0 | ... AF13: =AF14+AF15 -> 0 | AG13: =SUM(B13:AF13) -> 0
A14: Menos de 48 Horas | AG14: =SUM(B14:AF14) -> 0
A15: 48 Horas ou Mais | AG15: =SUM(B15:AF15) -> 0
A16: Transferidos | B16: =B17+B18 -> 0 | C16: =C17+C18 -> 0 | D16: =D17+D18 -> 0 | E16: =E17+E18 -> 0 | F16: =F17+F18 -> 0 | G16: =G17+G18 -> 0 | H16: =H17+H18 -> 0 | I16: =I17+I18 -> 0 | ... AF16: =AF17+AF18 -> 0 | AG16: =SUM(B16:AF16) -> 0
A17: Transferidos p/ Outros Serviços | AG17: =SUM(B17:AF17) -> 0
A18: Transferidos p/ Outros Hospitais | AG18: =SUM(B18:AF18) -> 0
A19: Ficam Existindo | B19: =B7+B8-B11 -> 0 | C19: =C7+C8-C11 -> 0 | D19: =D7+D8-D11 -> 0 | E19: =E7+E8-E11 -> 0 | F19: =F7+F8-F11 -> 0 | G19: =G7+G8-G11 -> 0 | H19: =H7+H8-H11 -> 0 | I19: =I7+I8-I11 -> 0 | ... AF19: =AF7+AF8-AF11 -> 0 | AG19: =SUM(B19:AF19) -> 0
A20: Admitidos e Saídos no Mesmo Dia | B20: =B8+B11 -> 0 | C20: =C8+C11 -> 0 | D20: =D8+D11 -> 0 | E20: =E8+E11 -> 0 | F20: =F8+F11 -> 0 | G20: =G8+G11 -> 0 | H20: =H8+H11 -> 0 | I20: =I8+I11 -> 0 | ... AF20: =AF8+AF11 -> 0 | AG20: =SUM(B20:AF20) -> 0
A21: Dia-Cama | AG21: =SUM(B21:AF21) -> 0
A22: Dia-Doente | AG22: =SUM(B22:AF22) -> 0
C24: Preenchimento manual | I24: Cálculo automático (protegido) | O24: Resultado / Total do mês (protegido) | U24: Dia inexistente no mês
B25: Nota: Não pode ser editado sem autorização do Departamento de Estatística do Hospital do Prenda.
A27: RELATÓRIO MENSAL — CIRURGIA MAXILO-FACIAL — DEZEMBRO DE 2026 | K27: TOTAL
A28: Existência Anterior | K28: =AG7 -> 0
A29: Admitidos | K29: =AG8 -> 0
A30: Diretos | K30: =AG9 -> 0
A31: Transferidos Internos | K31: =AG10 -> 0
A32: Saídos | K32: =AG11 -> 0
A33: Altas / Vivos | K33: =AG12 -> 0
A34: Falecidos | K34: =AG13 -> 0
A35: Menos de 48 Horas | K35: =AG14 -> 0
A36: 48 Horas ou Mais | K36: =AG15 -> 0
A37: Transferidos | K37: =AG16 -> 0
A38: Transferidos p/ Outros Serviços | K38: =AG17 -> 0
A39: Transferidos p/ Outros Hospitais | K39: =AG18 -> 0
... A43: Dia-Doente | K43: =AG22 -> 0
A45: Chefe de Enfermagem:
A46: Data:
